{
    "name": "AirbnbTransformPipeline",
    "properties": {
        "type": "MappingDataFlow",
        "typeProperties": {
            "sources": [
                {
                    "dataset": {
                        "referenceName": "SourceDataset_t93",
                        "type": "DatasetReference"
                    },
                    "name": "source1"
                }
            ],
            "sinks": [
                {
                    "dataset": {
                        "referenceName": "Parquet1",
                        "type": "DatasetReference"
                    },
                    "name": "SaveTransformedData",
                    "description": "Save transformed data"
                }
            ],
            "transformations": [
                {
                    "name": "PriceFilter"
                },
                {
                    "name": "TransformLastReview",
                    "description": "Convert last_review to a Valid Date and Handle Missing Values"
                },
                {
                    "name": "HandleMissingReviewsPerMonth",
                    "description": "Set Missing reviews_per_month to 0"
                },
                {
                    "name": "FilterLatLong"
                }
            ],
            "scriptLines": [
                "source(output(",
                "          id as integer,",
                "          name as string,",
                "          host_id as integer,",
                "          host_name as string,",
                "          neighbourhood_group as string,",
                "          neighbourhood as string,",
                "          latitude as double,",
                "          longitude as double,",
                "          room_type as string,",
                "          price as integer,",
                "          minimum_nights as integer,",
                "          number_of_reviews as integer,",
                "          last_review as string,",
                "          reviews_per_month as float,",
                "          calculated_host_listings_count as integer,",
                "          availability_365 as integer",
                "     ),",
                "     allowSchemaDrift: true,",
                "     validateSchema: false,",
                "     ignoreNoFilesFound: false) ~> source1",
                "TransformLastReview filter(price > 0) ~> PriceFilter",
                "source1 derive(last_review = iif(isNull(toDate(last_review, 'yyyy-MM-dd')),toDate('2011-03-28', 'yyyy-MM-dd'),toDate(last_review, 'yyyy-MM-dd'))) ~> TransformLastReview",
                "PriceFilter derive(reviews_per_month = iif(isNull(reviews_per_month),0.0,reviews_per_month)) ~> HandleMissingReviewsPerMonth",
                "HandleMissingReviewsPerMonth filter(!isNull(latitude) && !isNull(longitude)) ~> FilterLatLong",
                "FilterLatLong sink(allowSchemaDrift: true,",
                "     validateSchema: false,",
                "     format: 'parquet',",
                "     umask: 0022,",
                "     preCommands: [],",
                "     postCommands: [],",
                "     skipDuplicateMapInputs: true,",
                "     skipDuplicateMapOutputs: true) ~> SaveTransformedData"
            ]
        }
    }
}