{
    "now": "2024-10-15T18:11:48.208Z",
    "perfNow": 20530465.200000048,
    "diagnosticCorrelation": "fc08c18f-38c4-4842-96a0-55d05e8ff3ca",
    "source": "DownloadSupportFiles",
    "environment": {
        "productName": "adf",
        "buildVersion": "1.0.092724.5",
        "environmentType": 3,
        "resourceName": "vh342datafactory",
        "resourceRegion": "polandcentral",
        "resourceGroup": "capgeminiengineering",
        "subscriptionId": "d02279ef-cc43-42a1-a330-ac436dfc12b8",
        "sessionId": "Ajmlo2mDKFfpcaTUrwCUkE",
        "operationId": "",
        "gitType": "live",
        "loggingKey": "694c9610-45c1-4a09-a3b5-eb51491a7739"
    },
    "additionalInfo": {
        "selectedResource": "AirbnbTransformPipeline",
        "selectedResourceType": "dataflow"
    }
}